Tutor's ID;Student 1;Student 2;Student 3;Student 4;Student 5;Student 6;Student 7;Student 8;Student 9;Student 10
23456;12345;12346;12347;12348;12349;
23457;12350;12351;12352;12353;
23459;12354;12355;12377;12378;
23461;12382;12383;12384;
23462;12385;12386;12387;
23465;12363;12364;12365;12367;
23466;12373;12374;12375;12376;
23469;12379;12380;12381;12388;
23470;12389;12390;12391;
23472;12393;12394;
23473;12368;12369;12370;12371;12372;
23474;12358;12359;12360;12361;12362;
23476;12395;
23477;12392;
23479;12356;12357;
